{
  "ASR": 0.7191057374244325,
  "privacy_score": 0.2808942625755675,
  "attack_auc": 0.5012667282784027,
  "threshold": 0.5
}
